id;idade;sexo;fatoe_i;fator_ii;fato_iii;fator_iv;fator_v;epn_ra;epn_rv;epn_rm;epn_re;epn_rn;epn_eg;gerenc;relac;percep;usofaci;conemo;regemo;experi;etrateg;ie1;ie2;ie;av_des1;av_des2;av_des
a001;46;1;4.1;3.5;7.1;6.1;7.45;72;72;90;80;75;72;36.1995;43.4333;21.395;18.1703;35.385;39.8164;19.7826;37.6007;31.6922;25.6911;28.6917;4.5;3.1;3.8
a002;49;1;4.6;6.2;6.3;5.6;6.85;68;79;76;64;78;63;19.3628;11.37;26.5465;21.2;28.9797;15.3664;23.8732;22.1731;30.2366;15.8098;23.0232;2.2;4.1;3.15
a003;;2;7.5;7.1;3.3;6.9;6.85;82;85;93;88;81;81;49;38.7667;40.4243;26.3013;38.3012;43.8833;33.3628;41.0922;36.024;38.4311;37.2275;4.5;5.1;4.8
a004;38;1;4.1;7;7.8;5;8.05;74;77;104;74;93;80;37.5975;36.3189;33.9069;33.4707;31.6338;36.9582;33.6888;34.296;33.0103;34.9745;33.9924;4.1;2.8;3.45
a005;42;1;4.5;1.3;10;3.5;6.65;79;99;96;80;96;87;50.067;48.0667;40.7936;37.3573;38.3975;49.0668;39.0755;43.7322;43.5209;39.2867;41.4038;2.9;4.6;3.75
a006;36;1;5.3;1.8;6.1;8.4;8.95;78;105;88;88;98;87;42.0105;55.1111;45.565;45.394;47.4083;48.5608;45.4795;47.9846;44.5486;52.3514;47.1495;5;3.8;4.4
a007;31;1;6.6;5.4;7.5;6.5;7.95;94;95;96;107;103;96;49.635;39.8489;48.7804;40.5303;43.6508;44.7419;44.6554;44.1964;45.3319;43.5199;44.4259;3.4;3.5;3.45
a008;52;1;5.9;5.3;7.4;5.8;8.65;79;79;93;65;83;75;22.797;32.5811;42.6177;28.7555;35.4358;27.6891;35.6866;31.5624;35.0846;32.1644;33.6245;3.3;4;3.65
a009;39;1;2.8;4.6;5.9;7.4;7.55;94;117;112;96;83;96;40.558;31.5111;47.7103;41.265;44.4806;36.0346;44.4877;40.2576;43.5934;41.1519;42.3726;5;3.8;4.4
a010;;1;8.2;4.6;4.2;6.3;8.45;109;117;93;84;98;95;49.735;37.4711;45.2827;44.1473;48.9033;43.6031;44.715;46.2532;48.7065;42.2617;45.4841;4;4.5;4.25
a011;49;1;5.7;4.6;7.7;6.8;8.65;73;85;98;74;98;81;37.886;21.9911;32.7679;36.1293;44.0584;29.9386;34.4486;36.9985;35.0699;36.1124;35.6656;3.6;3;3.3
a012;40;1;5.2;5.1;7.8;4.2;8.25;92;89;114;91;96;95;52.31;42.2733;45.5837;48.05;42.6931;47.2917;46.8168;44.9924;47.0099;44.7993;45.9046;4.7;3.8;4.25
a013;35;1;5.7;0.5;9.1;5;9.65;73;79;98;77;96;80;50.961;50.8444;37.4238;38.1657;40.7251;50.9027;37.7947;45.8139;39.703;43.9057;41.8043;3.7;2.7;3.2
a014;;;2.1;3.1;7.2;5.1;6.95;99;117;121;96;103;107;51.75;55.2333;40.4952;46.6197;40.1081;53.4917;43.5574;46.7999;44.6532;45.7041;45.1786;3.8;5;4.4
a015;20;1;6.8;4.2;6.2;6.5;6.25;92;85;90;80;90;84;28.8075;25.2475;41.0221;31.036;39.5052;27.0275;36.029;33.2663;37.7409;31.5545;34.6477;4.9;4.9;4.9
a016;21;2;5.9;2.8;6.9;6.7;7.65;115;99;93;96;83;92;48.433;55.2333;49.8083;49.4573;42.765;51.8332;49.6328;47.2991;46.0265;50.9054;48.466;4.2;4.5;4.35
a017;19;2;4.1;2.3;6.5;6;8.65;87;79;76;70;75;73;46.53;40.6222;30.2927;36.505;37.88;43.5761;33.3989;40.7281;37.6089;36.5181;37.0635;4.9;4.8;4.85
a018;24;2;3.7;7.7;5.5;6.4;8.45;87;82;88;74;98;81;43.8545;36.2333;46.7025;50.72;45.233;40.0439;48.7113;42.6385;46.8135;43.5596;44.9541;4.5;4.7;4.6
a019;24;2;5.2;1.4;7.7;4.8;10.05;82;89;90;91;103;88;43.479;37.54;44.3312;41.5207;30.6382;40.5095;42.926;35.5739;36.7141;41.7858;39.2499;4.5;4.5;4.5
a020;25;2;8.4;0.8;3.3;5.8;7.25;99;95;82;99;98;91;56.845;44.6;45.9287;48.0067;47.715;50.7225;46.9677;49.2188;48.3045;47.882;48.0932;5.1;4.8;4.95
a021;22;1;7.4;3.3;6.2;6.8;8.45;99;105;98;93;96;95;31.3915;42.4778;45.5045;45.77;41.0463;36.9346;45.6373;38.9904;44.3343;40.2934;42.3138;3.2;4.25;3.725
a022;22;1;7.3;1;5;6;7.75;92;95;106;86;93;91;39.286;47.2333;52.6133;34.9233;38.026;43.2597;43.7683;40.6428;39.1081;45.3031;42.2056;5.2;4.88889;5.04444
a023;29;2;5.4;2.3;8.5;4.9;6.95;72;85;82;70;81;72;50.9;29.5444;43.4966;36.4363;38.3908;40.2222;39.9665;39.3065;45.7543;33.5187;39.6365;3.3;4.2;3.75
a024;19;2;5.6;3.5;9.4;3;8.85;82;91;90;102;90;88;50.119;54.5111;48.9467;49.2697;47.4083;52.3151;49.1082;49.8617;49.9925;48.9774;49.4849;4.1;4.7;4.4
a025;25;2;4.3;2.6;4.4;7.1;6.55;74;91;70;86;81;75;51.341;50.8256;47.5936;45.64;50.1383;51.0833;46.6168;50.6108;49.9015;47.3261;48.6138;5.8;5.8;5.8
a026;29;2;7.1;2.8;4.9;5.8;6.75;78;79;85;84;88;77;36.147;11.0033;44.5264;37.575;39.4405;23.5752;41.0507;31.5078;41.0515;31.507;36.2793;5.6;5.5;5.55
a027;18;2;6.1;1.1;5;6.7;9.25;61;72;71;74;81;62;39.737;34.4467;37.1579;42.9433;41.3108;37.0918;40.0506;39.2013;42.8563;36.3957;39.626;2.9;5.2;4.05
a028;20;1;4.8;1.5;8;4.3;6.35;92;105;90;70;86;84;24.3415;28.1667;49.6613;33.965;36.8812;26.2541;41.8132;31.5677;38.32;35.0608;36.6904;1.9;3.7;2.8
a029;22;2;7.3;1.4;6.2;6;7.65;99;91;85;86;90;87;45.2575;36.2033;40.2359;48.3523;40.6112;40.7304;44.2941;40.6708;44.9902;39.9748;42.4825;4;5.6;4.8
a030;26;2;4.8;1.2;4.3;5.5;8.15;92;89;90;91;90;87;46.2715;37.3125;35.0981;;40.0544;41.792;35.0981;40.9232;43.6276;34.3353;38.9815;5.7;4.7;5.2
a031;22;2;4.7;0.6;5.5;5.1;7.95;99;95;106;96;98;97;48.77;42.3;48.8138;37.597;43.845;45.535;43.2054;44.69;44.8092;43.0862;43.9477;4.8;5.2;5
a032;21;1;8.7;2.4;6;7.9;9.25;82;89;106;91;86;88;51.1925;45.2444;42.1625;48.0933;41.2275;48.2185;45.1279;44.723;46.8898;42.9611;44.9255;4.9;3.3;4.1
a033;23;1;7;4;5.5;4.3;5.55;73;74;88;77;71;71;43.816;40.0811;30.2347;31.9573;34.1369;41.9486;31.096;38.0427;37.9902;31.1485;34.5694;3.4;5.9;4.65
a034;26;2;6.6;5.8;4.8;3.3;5.95;68;82;76;70;75;66;43.9765;37.4411;39.8913;;45.3762;40.7088;39.8913;43.0425;39.4077;44.5765;41.9921;5;2.7;3.85
a035;21;1;4.7;0.7;9;3.1;7.05;109;72;112;107;88;93;45.6735;34.0478;46.3562;38.2447;45.5913;39.8606;42.3005;42.726;44.1129;40.9135;42.5132;4.9;3.8;4.35
a036;24;1;3.7;2.2;7.2;5.7;9.25;82;82;104;84;86;85;30.8675;;40.7825;49.1371;47.36;30.8675;44.9598;39.1138;42.0368;;;5.6;3.7;4.65
a037;20;1;6.1;4.8;6.2;4.6;7.25;94;77;85;80;93;81;49.807;49.9889;43.8248;43.1257;44.5333;49.8979;43.4753;47.2156;48.1187;42.5722;45.3454;6;4.7;5.35
a038;;;7.3;0.3;5.6;5.2;5.45;92;77;96;63;88;78;18.181;19.6111;38.9443;39.128;31.4983;18.8961;39.0362;25.1972;35.1507;29.0827;32.1167;3.7;4.2;3.95
a039;26;1;5.8;4.6;5.8;7.7;6.55;92;91;98;102;103;95;40.79;37.8222;46.0453;42.3767;44.171;39.3061;44.211;41.7386;43.3547;42.5949;42.9748;4.625;4.2;4.4125
a040;20;1;5;6.2;6.5;4.7;4.85;71;79;82;60;70;62;33.782;26.6478;33.0046;42.255;34.857;30.2149;37.6298;32.5359;36.2302;33.9355;35.0829;4.7;5;4.85
a041;24;1;7.2;1.7;5.9;6.5;7.95;109;105;90;102;93;95;43.372;31.9533;45.9242;36.3307;40.5795;37.6627;41.1274;39.1211;42.8902;37.3582;40.1242;5;4.1;4.55
a042;35;1;2.7;7.5;4.9;6.5;9.85;78;68;98;70;71;71;27.8095;45.9222;26.7764;34.858;34.4126;36.8659;30.8172;35.6392;32.2058;34.2506;33.2282;2.375;2.7;2.5375
a043;28;1;5.8;2.8;6.7;6.1;8.55;131;91;104;93;86;95;33.827;41.5889;42.0343;24.601;37.7976;37.7079;33.3176;37.7528;35.927;35.1434;35.5352;3.1;5;4.05
a044;30;2;5.3;2;5.2;5.8;8.15;73;77;85;74;83;73;36.313;34.01;42.0777;44.1383;33.3223;35.1615;43.108;34.2419;39.2649;38.085;38.6749;2.9;2.6;2.75
a045;21;2;5.7;6.6;5.6;6.2;5.05;115;122;96;107;111;107;45.642;44.4444;46.4515;43.765;42.7083;45.0432;45.1082;43.8758;44.0547;44.9294;44.492;5.7;5.4;5.55
a046;23;2;8.3;7.8;1;6.5;2.05;82;105;88;80;90;86;45.575;26.67;37.167;;45.2353;36.1225;37.167;40.6789;44.1237;34.8929;39.5083;5.6;5;5.3
a047;21;2;4.7;1.2;3.9;4.6;5.25;87;99;106;80;86;88;47.985;44.8556;35.6476;41.6863;43.3733;46.4203;38.667;44.8968;43.4645;40.0993;41.7819;4.9;4.9;4.9
a048;21;1;4.3;3;7.7;8;8.45;92;95;109;124;106;105;39.3475;42.2667;45.2225;37.1513;43.6821;40.8071;41.1869;42.2446;42.7867;40.6448;41.7157;6;4.625;5.3125
a049;27;1;5.7;3.1;8.4;4.5;7.75;104;89;118;107;98;104;42.97;30.0775;49.9042;39.9463;46.1513;36.5237;44.9253;41.3375;44.9732;41.2896;43.1314;4.5;4.8;4.65
a050;25;2;7.9;1.6;6.8;4.9;9.05;94;95;90;80;96;87;52.245;50.4667;39.4738;49.5437;37.8348;51.3558;44.5088;44.5953;44.1471;44.957;44.552;5.5;5.5;5.5
a051;27;2;4.1;8;6.5;3.6;5.85;92;105;88;77;90;87;;;;;;;;;;;;;;
a052;25;2;6.2;7.4;5.1;5.3;5.65;94;89;90;80;96;87;;;;;;;;;;;;;;
a053;25;1;5.2;7.1;7.4;7.7;5.85;99;99;82;77;96;87;;;;;;;;;;;;;;
a054;20;2;3.9;7.3;5.4;4.6;5.55;109;105;96;91;96;95;;;;;;;;;;;;;;
a055;20;2;4.4;8.5;3.2;5.2;5.55;104;105;93;96;103;96;;;;;;;;;;;;;;
a056;28;1;7.5;2.1;7.8;7;4.85;99;89;109;91;96;95;;;;;;;;;;;;;;
a057;27;2;7;4.7;5.2;6.3;6.55;94;99;96;93;98;93;;;;;;;;;;;;;;
a058;25;1;7.7;2.9;5.1;7.9;6.55;99;95;121;116;111;110;;;;;;;;;;;;;;
a059;25;1;3.9;10.1;6.8;5.2;8.25;73;85;71;74;81;72;;;;;;;;;;;;;;
a060;20;2;7.8;3.7;7.1;6.1;7.25;99;105;96;96;127;101;;;;;;;;;;;;;;
a061;23;1;8.4;2.6;6.8;5.7;8.35;92;141;98;107;111;105;;;;;;;;;;;;;;
a062;21;2;7.1;5.8;4.7;7.4;8.25;109;105;106;86;103;99;;;;;;;;;;;;;;
a063;20;2;4.8;5.2;6.4;4.6;6.05;82;117;96;107;106;99;;;;;;;;;;;;;;
a064;21;2;4.6;6.2;6.5;3;4.95;94;91;85;86;83;84;;;;;;;;;;;;;;
a065;21;2;9.3;4.6;3.4;5.3;5.25;94;74;85;93;81;80;;;;;;;;;;;;;;
a066;41;1;2;4.8;5.6;7.9;6.85;109;95;109;96;83;95;;;;;;;;;;;;;;
a067;32;1;6.4;4;5.9;6.1;5.85;79;79;82;84;83;76;;;;;;;;;;;;;;
a068;25;2;8.8;6.7;0.6;9.5;4.95;104;122;93;99;106;102;;;;;;;;;;;;;;
a069;23;2;5.1;6.4;6.4;5.7;4.45;92;91;90;70;96;85;;;;;;;;;;;;;;
a070;21;2;4.8;4.8;6.2;5.2;5.95;82;95;76;80;98;84;;;;;;;;;;;;;;
a071;29;1;4;6.6;7.1;4.7;6.85;109;72;96;91;106;90;;;;;;;;;;;;;;
a072;21;1;5.7;5.6;7.3;3.7;5.65;109;95;101;88;98;95;;;;;;;;;;;;;;
a073;24;2;4.3;1.7;8.3;2.6;6.45;92;95;96;91;90;89;;;;;;;;;;;;;;
a074;33;2;5.1;4;7;2.8;7.05;92;85;96;93;90;88;;;;;;;;;;;;;;
a075;29;1;6.9;4;3.8;5.8;6.45;74;77;98;77;98;81;;;;;;;;;;;;;;
a076;22;1;3.2;5.4;3.6;5;4.55;99;111;109;116;90;104;;;;;;;;;;;;;;
a077;27;2;5.1;6.6;5.1;7.1;6.05;73;77;76;88;73;73;;;;;;;;;;;;;;
a078;26;2;6.1;5.7;6.1;4.7;7.45;99;111;88;88;106;93;;;;;;;;;;;;;;
a079;24;1;4.2;5.8;7.7;2.9;6.45;79;72;71;77;71;69;37.1965;36.1611;37.1063;40.1137;36.3402;36.6788;38.61;36.5095;38.4772;36.6423;37.5598;5.5;5.5;5.5
a080;25;2;6.3;9.5;6.8;3.5;6.65;104;91;88;91;103;91;30.5385;47.4111;45.4698;44.0993;43.3267;38.9748;44.7846;41.1507;40.9485;44.9869;42.9677;3.4;5;4.2
a081;25;1;5.2;3.9;6.5;7.8;6.75;87;72;76;84;90;77;32.206;27.7733;39.9041;32.553;25.3668;29.9897;36.2285;27.6782;33.5372;30.3695;31.9534;3.33333;5.1;4.21667
a082;40;2;9.1;2.5;4.4;5.6;7.25;94;95;76;77;90;83;50.4385;34.5644;41.0478;51.92;49.2642;42.5015;46.4839;45.8828;47.9019;44.4649;46.1834;4;3.6;3.8
a083;28;1;4.9;2.5;8.2;7.6;9.15;82;95;104;86;93;89;42.674;53.6111;25.6659;44.1733;40.7477;48.1426;34.9196;44.4451;38.6549;40.7099;39.6824;3.8;4.6;4.2
a084;23;1;4;4.1;8.1;7.3;7.75;109;99;106;116;111;109;41.499;35.9778;45.9129;43.2313;39.8075;38.7384;44.5721;39.2729;41.5387;42.3064;41.9225;4.9;5.6;5.25
a085;49;2;9.2;3.7;5.1;7.1;7.35;74;85;73;63;98;75;;;;;;;;;;;;3.7;3.4;3.55
a086;18;2;5.8;3.7;5.6;2.6;6.55;72;79;93;84;86;76;40.09;23.2511;35.8512;37.078;39.8972;31.6706;36.4646;35.7839;41.2004;31.0481;36.1242;5.1;4.6;4.85
a087;25;2;4.1;4.4;6.7;3.7;5.95;82;71;76;74;78;72;20.0242;19.4122;43.3356;35.7157;26.5605;19.7182;39.5256;23.1394;32.1861;30.4789;31.3325;3.3;4.4;3.85
a088;33;1;4.4;4.8;6.1;3.1;6.75;104;91;101;80;88;88;40.609;50.4333;30.8128;45.8913;45.6083;45.5212;38.352;45.5647;40.4296;43.4872;41.9584;2.9;1.9;2.4
a089;25;1;4.1;7.1;8.1;5;7.85;82;82;93;80;93;83;30.416;;44.9198;39.3377;36.1945;30.416;42.1287;33.3053;37.7466;40.1113;38.76;5.5;4.7;5.1
a090;26;2;5.5;4.8;7.1;3.1;6.05;79;111;82;80;88;83;48.58;53.5333;50.8523;45.831;42.9302;51.0567;48.3417;46.9934;49.7213;45.6137;47.6675;3;3.5;3.25
a091;41;1;5;3.8;6.9;6.8;8.45;73;85;82;80;71;73;40.5553;39.1444;32.2099;45.5783;31.7405;39.8499;38.8941;35.7952;39.8431;34.8462;37.3447;5.2;4.3;4.75
a092;35;1;4;4;7.6;5.8;6.05;61;65;76;96;86;65;40.0815;40.86;37.7322;32.1937;40.1255;40.4707;34.963;40.2981;40.1103;35.1508;37.6305;5.2;4.66667;4.93333
a093;28;1;5.7;3.7;8.7;5;7.45;87;85;96;80;90;85;37.5515;32.7511;30.256;40.95;35.3393;35.1513;35.603;35.2453;36.5019;34.3464;35.4242;4.1;5.6;4.85
a094;40;1;2.4;5.2;9.2;7.3;9.45;104;95;118;107;88;102;39.6785;48.6111;44.2791;43.6613;48.015;44.1448;43.9702;46.0799;42.6203;47.4298;45.0251;5;5;5
a095;22;1;6.5;4.1;10.3;4.7;8.65;92;89;93;84;88;86;46.296;37.5033;41.8937;39.185;35.2188;41.8997;40.5393;38.5592;43.6015;35.4971;39.5493;5.6;4.3;4.95
a096;44;1;6.3;3.4;8.3;7.1;8.65;74;82;104;88;81;81;52.415;40.8644;41.8929;46.8803;44.4242;46.6397;44.3866;45.5319;48.5987;41.3199;44.9593;5.5;5.3;5.4
a097;38;1;7.7;1.4;7.2;6.9;8.25;79;82;88;77;71;74;;;44.909;47.3157;49.335;;46.1123;49.335;49.5817;44.7914;47.1865;3.7;4.5;4.1
a098;24;1;9.4;5.6;5.8;7.8;7.45;99;91;101;93;90;92;46.255;24.7089;36.8372;39.207;44.9678;35.4819;38.0221;40.2249;40.012;38.235;39.1235;4.3;3.3;3.8
a099;43;1;6.2;4.4;4.7;7.9;8.95;109;105;118;107;83;103;42.556;34.1156;49.7869;44.5773;46.0102;38.3358;47.1821;42.173;45.667;43.6881;44.6775;5.44444;4.7;5.07222
a100;26;1;7;6.4;7.9;6.9;6.95;60;105;82;110;106;86;38.8735;38.4667;34.035;26.75;35.8176;38.6701;30.3925;37.2438;32.6328;35.0036;33.8182;4.7;3.11111;3.90556
a101;32;1;5.8;4.7;7.3;6.8;8.05;109;89;141;116;90;107;46.645;45.3667;39.0855;40.3337;42.5774;46.0058;39.7096;44.2916;42.3853;41.6159;42.0006;5.6;5.6;5.6
a102;23;2;4;2;7.8;4.9;8.65;92;91;76;80;71;76;26.081;37.6444;44.7358;51.13;42.7092;31.8627;47.9329;37.2859;42.5723;42.6465;42.6094;;;
a103;19;2;2.8;1.2;7.5;2.2;8.55;94;77;101;99;86;88;36.733;31.8744;47.7132;43.842;33.3827;34.3037;45.7776;33.8432;42.0108;37.61;39.8104;4.2;3.1;3.65
a104;19;2;4;2.5;6.6;3.2;9.15;82;85;85;80;83;78;53.739;53.5333;50.7422;47.9817;40.7458;53.6362;49.3619;47.191;48.896;47.6569;48.2764;4.8;2.9;3.85
a105;21;2;2.8;2.9;8.2;2.8;9.85;92;79;88;86;86;81;50.3925;50.8444;48.368;46.9663;40.4558;50.6185;47.6672;45.5372;44.6173;48.587;46.6022;2.8;4.1;3.45
a106;18;2;6;1.2;7.5;4.3;7.25;61;82;76;70;71;62;25.7911;18.9989;33.4702;31.3723;36.7135;22.395;32.4213;29.5542;36.6155;25.36;30.9878;3.5;3.8;3.65
a107;26;1;6.1;5.6;4.7;6.1;6.35;115;105;106;96;106;105;49.9535;53.0111;39.6748;34.1437;40.6314;51.4823;36.9093;46.0569;39.6872;43.2789;41.4831;5.6;5.9;5.75
a108;;;5.4;3.1;6.4;5.4;7.15;;;;;;;;;;;;;;;;;;;;
a109;;;;;;;;;;;;;;;;;;;;;;;;;;;
a110;;;;;;;;;;;;;;;;;;;;;;;;;;;
a111;;;6.3;5.8;3.9;6;2.35;;;;;;;;;;;;;;;;;;;;
a112;;;8;5;6;5;4.45;;;;;;;;;;;;;;;;;;;;
a113;;;7.7;7;4.5;7.4;6.95;;;;;;;;;;;;;;;;;;;;
a114;22;2;5.9;7.5;6.9;8.1;6.45;99;91;71;91;98;87;41.9475;46.0889;48.327;48.0827;42.9042;44.0182;48.2048;43.4612;47.3424;44.3236;45.833;2.9;4;3.45
a115;51;2;4.5;6.2;4.2;6;6.85;79;74;88;84;90;78;41.1035;46.5778;35.8922;46.3223;41.5798;43.8406;41.1073;42.7102;42.9423;40.8752;41.9087;5.6;4.6;5.1
a116;51;2;2.7;4.3;8.6;1.3;7.65;87;99;93;93;106;93;48.95;45.5611;49.3757;39.807;47.0709;47.2556;44.5913;47.1632;49.6115;42.143;45.8773;5;5.8;5.4
a117;33;1;2.4;6.6;6.3;5;3.95;115;91;121;107;103;109;37.8405;53.9111;33.4713;37.3743;37.6451;45.8758;35.4228;41.7604;35.5425;41.6407;38.5916;4.875;4.5;4.6875
a118;22;1;6.3;3.6;7.4;7.9;6.75;99;99;109;107;111;105;39.6725;29.52;39.7893;43.4133;41.8152;34.5962;41.6013;38.2057;43.239;36.568;39.9035;4.5;4.6;4.55
a119;24;1;6.3;3.2;8.8;5.5;6.45;104;117;118;102;127;113;44.7815;47.2333;38.9667;44.855;40.3425;46.0074;41.9108;43.175;43.2465;41.8392;42.5429;5.4;5.1;5.25
a120;51;2;2.9;5.7;6.3;0.5;6.45;74;105;82;70;75;75;50.006;41.4711;35.8015;37.9417;38.1794;45.7386;36.8716;41.959;41.1655;37.665;39.4153;5.3;5.7;5.5
a121;25;2;2;5.7;6.4;6.1;7.35;87;99;93;86;103;90;43.9785;31.7633;38.0845;35.34;42.7917;37.8709;36.7123;40.3313;40.3244;36.7192;38.5218;5.4;4.8;5.1
a122;55;1;3.2;3.1;6.3;4.9;6.95;104;122;126;88;96;105;39.8905;35.6933;31.5299;29.98;33.3218;37.7919;30.7549;35.5569;30.8274;35.4844;33.1559;4.1;3.33333;3.71667
a123;23;2;6.1;6.7;6.2;4.8;5.85;109;95;93;86;78;87;42.6915;51.2444;45.4651;43.8237;39.8379;46.968;44.6444;43.403;45.0458;43.0015;44.0237;5.2;4.7;4.95
a124;24;1;4.5;5.9;5.7;5.7;5.35;115;105;133;99;146;117;44.667;36.1667;42.8715;32.0597;40.7454;40.4168;37.4656;40.5811;40.965;37.0817;39.0234;4.6;3.77778;4.18889
a125;40;1;4.4;2.8;6.7;4.9;9.35;92;111;112;84;103;96;46.4465;47.1444;43.6017;40.012;45.9792;46.7955;41.8068;46.3873;45.21;42.9842;44.0971;5.44444;5.5;5.47222
a126;25;2;7.8;5.3;4.1;6.8;6.45;79;79;90;88;90;81;36.515;32.4756;47.1688;39.3027;45.22;34.4953;43.2357;39.8576;42.1911;40.9023;41.5467;4;4.6;4.3
a127;27;1;3.2;3;7.7;3.2;6.25;92;82;98;93;103;91;44.4545;49.6256;46.679;33.0047;37.8148;47.04;39.8418;42.4274;44.955;37.3143;41.1346;5.8;5.5;5.65
a128;22;1;4.3;2.4;9.6;4.3;8.35;68;85;104;;71;;51.36;42.5333;47.9256;;42.375;46.9467;47.9256;44.6608;48.5192;42.979;45.7491;2;2;2
a129;29;2;5.2;2.6;7.8;3.9;9.85;71;66;82;63;70;61;50.96;40.95;50.633;42.634;39.913;45.955;46.6335;42.934;46.9749;41.6781;43.9481;3;4.8;3.9
a130;31;1;1.8;4.4;8.4;5.2;7.65;;99;;124;;;;;;;;;;;;;;5.4;5.6;5.5
a131;20;1;4.1;3.4;9.6;4.1;8.85;94;91;104;93;106;95;45.0825;53.6556;48.0508;45.678;44.1125;49.369;46.8644;46.7408;47.6163;45.9889;46.8026;5;5.5;5.25
a132;46;1;1.7;1.8;8.9;0.9;8.65;99;95;112;88;88;93;48.026;52.9333;41.8875;36.548;43.5405;50.4797;39.2177;47.0101;41.107;45.1208;43.1139;5.3;5.8;5.55
a133;36;1;1.5;5.6;6.5;2.8;6.65;82;89;90;74;88;80;48.079;44.3;42.8287;39.48;39.9379;46.1895;41.1544;43.0637;46.7455;37.4725;42.109;5.3;5.8;5.55
a134;60;1;1.5;6.7;7.6;2.7;3.95;87;71;109;74;83;80;42.0935;18.2156;39.4588;44.7633;43.8177;30.1545;42.1111;36.9861;46.7835;32.3137;39.5486;3.8;5.2;4.5
a135;31;1;6.2;5.3;5.7;7.9;5.75;87;85;98;96;96;90;38.0415;39.9011;34.6933;26.683;37.8457;38.9713;30.6882;38.4085;36.477;32.6197;34.5483;4;5.1;4.55
a136;64;1;3.9;1.4;5.6;4.2;5.65;79;82;96;77;81;78;40.437;41.2822;35.0592;34.416;34.6179;40.8596;34.7376;37.7388;33.2985;38.8985;36.4985;4.6;5.3;4.95
a137;44;1;3.4;3.9;6.2;6.4;9.25;74;74;96;64;98;76;22.6845;45.0478;45.8728;35.0093;29.8428;33.8661;40.4411;31.8545;38.0189;34.2767;36.1478;4;5.3;4.65
a138;33;1;7.3;1.4;5.3;6.6;9.65;87;79;106;91;96;89;46.18;39.7911;44.4557;40.801;46.3517;42.9856;42.6283;44.6686;49.0696;38.2274;43.6485;4.6;5.3;4.95
a139;41;2;7.1;3.5;6.4;4.6;7.95;82;89;85;64;81;74;49.705;30.0133;43.509;40.4443;34.1292;39.8592;41.9767;36.9942;43.3285;35.6424;39.4854;4.3;5.6;4.95
a140;30;1;4.4;5.4;6.7;7.4;6.75;104;91;101;80;98;91;38.113;46.8589;45.7984;45.6533;40.4651;42.4859;45.7259;41.4755;41.8773;45.3241;43.6007;3.8;5.1;4.45
a141;50;1;3.9;5.7;6.6;5.3;7.55;74;95;98;63;83;78;21.9265;50.8889;26.9682;45.4927;36.5887;36.4077;36.2304;36.4982;36.1282;33.6364;35.0603;3.5;4;3.75
a142;25;1;4.5;5.5;4.9;5.1;4.25;73;77;96;74;73;73;;23.2967;;;32.4858;23.2967;;27.8913;;27.4617;;4;3.7;3.85
a143;34;1;7.1;7.4;8.5;5.9;4.15;72;89;82;74;73;72;42.579;21.4244;45.7077;26.1602;31.3186;32.0017;35.934;31.6602;38.8899;28.7043;33.7971;2.2;4.4;3.3
a144;40;1;5.3;6.9;5.8;7.9;7.25;82;82;98;80;83;81;33.421;34.5678;48.6195;45.1837;40.3472;33.9944;46.9016;37.1708;42.3995;41.6729;42.0362;3.4;4.2;3.8
a145;44;2;1.7;7.9;4.2;1.6;5.35;82;95;96;77;88;85;51.1495;39.8611;47.9553;49.8433;42.8511;45.5053;48.8993;44.1782;48.1083;44.9692;46.5388;5.3;3.9;4.6
a146;32;1;4.2;2.8;8.2;5.5;9.05;79;71;96;84;78;75;46.26;39.4811;49.7729;37.5873;36.9348;42.8706;43.6801;39.9027;42.9356;40.6472;41.7914;3;4.1;3.55
a147;31;1;5.4;5.2;5.3;4.3;6.75;82;132;106;77;103;95;45.302;48.2089;43.2075;42.887;43.4917;46.7554;43.0473;45.1236;43.2643;44.9065;44.0854;4;5.4;4.7
a148;20;1;5.6;5.8;6.1;5.1;6.75;104;99;96;80;103;92;52.14;53.4889;42.1015;46.09;44.7021;52.8144;44.0957;48.7583;44.459;48.395;46.427;5.7;5.2;5.45
a149;35;1;3.1;2.8;7.3;5.5;6.55;104;105;126;110;115;115;33.009;41.8444;48.6108;45.773;38.9913;37.4267;47.1919;38.209;41.7257;43.6753;42.7005;5.5;5.7;5.6
a150;26;1;6.4;4.1;6.6;6.4;5.05;94;82;106;86;78;87;32.483;13.2189;29.6358;31.0133;34.784;22.8509;30.3246;28.8175;36.6682;22.4738;29.571;3.8;5.6;4.7
a151;17;1;5.2;5.7;8.4;6.4;5.85;104;105;114;107;146;112;31.732;20.9289;38.6343;45.6167;40.6754;26.3304;42.1255;33.5029;42.2797;33.3488;37.8142;4.6;4.9;4.75
a152;23;1;7;3;5.2;5.6;3.55;74;74;98;60;71;71;41.518;37.7444;34.6422;41.8517;29.4926;39.6312;38.2469;34.5619;37.701;35.1078;36.4044;4.4;4.7;4.55
a153;20;1;5.4;7;7.5;3.5;6.55;109;89;118;86;106;100;40.233;39.5778;43.4987;34.645;44.3458;39.9054;39.0718;42.1256;39.8512;41.3463;40.5987;5;5.5;5.25
a154;31;1;2.9;3.2;8.9;4.3;7.25;79;89;98;91;98;88;42.631;24.9333;45.9783;39.4837;40.9894;33.7822;42.731;37.3858;44.0932;36.0236;40.0584;2.4;4.77778;3.58889
a155;31;2;5.5;8.7;6.5;7.7;7.55;82;82;85;74;90;78;12.266;38.5144;40.8861;45.197;36.1751;25.3902;43.0415;30.7827;33.7781;40.0461;36.9121;4.2;5.125;4.6625
a156;32;1;2.2;6.3;7.3;4.7;8.05;104;95;106;102;96;100;43.636;47.6667;46.7992;38.916;41.9544;45.6513;42.8576;43.8029;43.9898;42.6707;43.3302;3.5;5;4.25
a157;23;1;3.6;2.6;6.7;4.4;9.35;92;91;121;116;98;105;37.826;26.9667;47.2034;;40.0998;32.3963;47.2034;36.248;43.4743;36.3253;39.8998;4.7;4.6;4.65
a158;45;1;5.3;6.1;6.9;5.3;7.05;109;99;98;99;83;93;43.2575;48.5667;42.2628;34.337;39.3217;45.9121;38.2999;42.6169;39.946;40.9708;40.4584;4.2;4.9;4.55
a159;28;1;7.4;5.4;7;5.3;8.15;92;95;82;70;86;80;51.92;33.4511;45.8037;47.34;38.7839;42.6856;46.5718;40.7347;45.878;39.4581;43.1266;4.6;5;4.8